incident_id,timestamp,location_id,location_name,incident_type,severity,description
INC_0001,2026-09-29 14:30:00,L005,Grand Bazaar Sector-1,Theft,HIGH,Reported Theft incident at Grand Bazaar Sector-1.
INC_0002,2026-09-29 22:25:37,L020,University Campus Sector-2,Theft,LOW,Reported Theft incident at University Campus Sector-2.
INC_0003,2026-09-29 10:30:01,L028,Financial Towers Sector-2,Crowd_Surge,HIGH,Reported Crowd_Surge incident at Financial Towers Sector-2.
INC_0004,2026-09-29 13:10:50,L005,Grand Bazaar Sector-1,Lost_Asset,HIGH,Reported Lost_Asset incident at Grand Bazaar Sector-1.
INC_0005,2026-09-29 18:19:19,L020,University Campus Sector-2,Lost_Asset,CRITICAL,Reported Lost_Asset incident at University Campus Sector-2.
INC_0006,2026-09-29 19:23:09,L002,Tech Park North Sector-1,Theft,LOW,Reported Theft incident at Tech Park North Sector-1.
INC_0007,2026-09-29 22:29:32,L010,National Library Sector-1,Lost_Asset,CRITICAL,Reported Lost_Asset incident at National Library Sector-1.
INC_0008,2026-09-29 16:22:42,L005,Grand Bazaar Sector-1,Theft,LOW,Reported Theft incident at Grand Bazaar Sector-1.
INC_0009,2026-09-29 12:52:15,L002,Tech Park North Sector-1,Crowd_Surge,CRITICAL,Reported Crowd_Surge incident at Tech Park North Sector-1.
INC_0010,2026-09-29 11:59:17,L045,Old Quarter Market Sector-3,Crowd_Surge,MEDIUM,Reported Crowd_Surge incident at Old Quarter Market Sector-3.
INC_0011,2026-09-29 18:58:44,L032,Suburban Plaza Sector-2,Lost_Asset,HIGH,Reported Lost_Asset incident at Suburban Plaza Sector-2.
INC_0012,2026-09-29 10:19:40,L022,Civic Hospital Sector-2,Crowd_Surge,MEDIUM,Reported Crowd_Surge incident at Civic Hospital Sector-2.
INC_0013,2026-09-29 14:36:33,L023,Aerodrome Terminal Sector-2,Theft,LOW,Reported Theft incident at Aerodrome Terminal Sector-2.
INC_0014,2026-09-29 13:32:06,L048,Suburban Plaza Sector-3,Crowd_Surge,CRITICAL,Reported Crowd_Surge incident at Suburban Plaza Sector-3.
INC_0015,2026-09-29 09:24:58,L048,Suburban Plaza Sector-3,Lost_Asset,HIGH,Reported Lost_Asset incident at Suburban Plaza Sector-3.
INC_0016,2026-09-29 21:18:39,L025,Cyber City Sector-2,Theft,LOW,Reported Theft incident at Cyber City Sector-2.
INC_0017,2026-09-29 08:24:39,L038,Civic Hospital Sector-3,Lost_Asset,HIGH,Reported Lost_Asset incident at Civic Hospital Sector-3.
INC_0018,2026-09-29 18:20:20,L046,Botanical Gardens Sector-3,Unauthorized_Entry,LOW,Reported Unauthorized_Entry incident at Botanical Gardens Sector-3.
INC_0019,2026-09-29 15:45:15,L035,City Mall Sector-3,Vandalism,HIGH,Reported Vandalism incident at City Mall Sector-3.
INC_0020,2026-09-29 12:41:34,L025,Cyber City Sector-2,Lost_Asset,CRITICAL,Reported Lost_Asset incident at Cyber City Sector-2.
INC_0021,2026-09-29 11:51:58,L006,Civic Hospital Sector-1,Vandalism,HIGH,Reported Vandalism incident at Civic Hospital Sector-1.
INC_0022,2026-09-29 22:50:14,L012,Financial Towers Sector-1,Unauthorized_Entry,HIGH,Reported Unauthorized_Entry incident at Financial Towers Sector-1.
INC_0023,2026-09-29 19:53:38,L012,Financial Towers Sector-1,Vandalism,LOW,Reported Vandalism incident at Financial Towers Sector-1.
INC_0024,2026-09-29 15:35:04,L008,Riverside Walk Sector-1,Unauthorized_Entry,LOW,Reported Unauthorized_Entry incident at Riverside Walk Sector-1.
INC_0025,2026-09-29 21:50:21,L023,Aerodrome Terminal Sector-2,Theft,MEDIUM,Reported Theft incident at Aerodrome Terminal Sector-2.
INC_0026,2026-09-29 09:34:13,L013,Old Quarter Market Sector-1,Theft,MEDIUM,Reported Theft incident at Old Quarter Market Sector-1.
INC_0027,2026-09-29 17:12:30,L044,Financial Towers Sector-3,Vandalism,LOW,Reported Vandalism incident at Financial Towers Sector-3.
INC_0028,2026-09-29 17:43:06,L040,Riverside Walk Sector-3,Vandalism,CRITICAL,Reported Vandalism incident at Riverside Walk Sector-3.
INC_0029,2026-09-29 15:50:23,L027,Sports Complex Sector-2,Vandalism,LOW,Reported Vandalism incident at Sports Complex Sector-2.
INC_0030,2026-09-29 10:47:47,L023,Aerodrome Terminal Sector-2,Theft,MEDIUM,Reported Theft incident at Aerodrome Terminal Sector-2.
INC_0031,2026-09-29 08:14:47,L035,City Mall Sector-3,Theft,MEDIUM,Reported Theft incident at City Mall Sector-3.
INC_0032,2026-09-29 09:30:03,L020,University Campus Sector-2,Crowd_Surge,HIGH,Reported Crowd_Surge incident at University Campus Sector-2.
INC_0033,2026-09-29 16:01:58,L019,City Mall Sector-2,Crowd_Surge,MEDIUM,Reported Crowd_Surge incident at City Mall Sector-2.
INC_0034,2026-09-29 19:51:41,L049,Central Station Sector-4,Theft,MEDIUM,Reported Theft incident at Central Station Sector-4.
INC_0035,2026-09-29 11:38:07,L034,Tech Park North Sector-3,Theft,CRITICAL,Reported Theft incident at Tech Park North Sector-3.
INC_0036,2026-09-29 13:34:35,L031,Harbor Port Sector-2,Unauthorized_Entry,CRITICAL,Reported Unauthorized_Entry incident at Harbor Port Sector-2.
INC_0037,2026-09-29 17:11:21,L013,Old Quarter Market Sector-1,Lost_Asset,CRITICAL,Reported Lost_Asset incident at Old Quarter Market Sector-1.
INC_0038,2026-09-29 21:05:32,L003,City Mall Sector-1,Lost_Asset,CRITICAL,Reported Lost_Asset incident at City Mall Sector-1.
INC_0039,2026-09-29 21:28:38,L029,Old Quarter Market Sector-2,Lost_Asset,MEDIUM,Reported Lost_Asset incident at Old Quarter Market Sector-2.
INC_0040,2026-09-29 15:07:56,L023,Aerodrome Terminal Sector-2,Theft,HIGH,Reported Theft incident at Aerodrome Terminal Sector-2.
INC_0041,2026-09-29 21:31:01,L022,Civic Hospital Sector-2,Unauthorized_Entry,HIGH,Reported Unauthorized_Entry incident at Civic Hospital Sector-2.
INC_0042,2026-09-29 17:54:52,L026,National Library Sector-2,Lost_Asset,HIGH,Reported Lost_Asset incident at National Library Sector-2.
INC_0043,2026-09-29 15:06:14,L032,Suburban Plaza Sector-2,Crowd_Surge,MEDIUM,Reported Crowd_Surge incident at Suburban Plaza Sector-2.
INC_0044,2026-09-29 15:28:07,L012,Financial Towers Sector-1,Theft,HIGH,Reported Theft incident at Financial Towers Sector-1.
INC_0045,2026-09-29 17:30:51,L004,University Campus Sector-1,Vandalism,CRITICAL,Reported Vandalism incident at University Campus Sector-1.
INC_0046,2026-09-29 08:01:19,L033,Central Station Sector-3,Vandalism,LOW,Reported Vandalism incident at Central Station Sector-3.
INC_0047,2026-09-29 17:35:28,L015,Harbor Port Sector-1,Vandalism,HIGH,Reported Vandalism incident at Harbor Port Sector-1.
INC_0048,2026-09-29 13:43:23,L015,Harbor Port Sector-1,Vandalism,HIGH,Reported Vandalism incident at Harbor Port Sector-1.
INC_0049,2026-09-29 16:40:13,L017,Central Station Sector-2,Theft,LOW,Reported Theft incident at Central Station Sector-2.
INC_0050,2026-09-29 17:28:03,L032,Suburban Plaza Sector-2,Vandalism,CRITICAL,Reported Vandalism incident at Suburban Plaza Sector-2.
