person_id,full_name,age_group,occupation,home_area,device_type
P00001,Ishaan Nair,18-25,Architect,AREA_CENTRAL,iOS
P00002,Ishaan Malhotra,26-35,Research Analyst,AREA_WEST,Android
P00003,Gaurav Kapoor,18-25,Teacher,AREA_EAST,iOS
P00004,Aarav Nair,50+,Graphic Designer,AREA_NORTH,Android
P00005,Kabir Sharma,18-25,Banker,AREA_NORTH,Android
P00006,Arjun Trivedi,50+,Accountant,AREA_EAST,iOS
P00007,Riya Mishra,18-25,Banker,AREA_SOUTH,iOS
P00008,Riya Trivedi,26-35,Teacher,AREA_NORTH,Android
P00009,Varun Kapoor,26-35,Consultant,AREA_SOUTH,Android
P00010,Sneha Mishra,18-25,Sales Manager,AREA_NORTH,Android
P00011,Tanvi Trivedi,18-25,Sales Manager,AREA_NORTH,iOS
P00012,Shreya Verma,18-25,Architect,AREA_CENTRAL,iOS
P00013,Neha Banerjee,50+,Civil Engineer,AREA_WEST,Android
P00014,Rohan Chatterjee,18-25,Software Engineer,AREA_NORTH,Android
P00015,Arjun Verma,26-35,Research Analyst,AREA_NORTH,iOS
P00016,Pooja Pandey,18-25,Graphic Designer,AREA_EAST,Android
P00017,Aarav Mehta,26-35,Accountant,AREA_CENTRAL,Android
P00018,Deepak Gupta,26-35,Civil Engineer,AREA_CENTRAL,Android
P00019,Rohan Deshmukh,18-25,Consultant,AREA_CENTRAL,iOS
P00020,Priya Kapoor,18-25,Consultant,AREA_WEST,Android
P00021,Tanvi Iyer,26-35,Banker,AREA_SOUTH,iOS
P00022,Simran Chatterjee,50+,Architect,AREA_EAST,iOS
P00023,Deepak Chatterjee,26-35,Teacher,AREA_SOUTH,Android
P00024,Pooja Kapoor,36-50,Banker,AREA_NORTH,iOS
P00025,Kabir Deshmukh,36-50,Doctor,AREA_NORTH,iOS
P00026,Pranav Bhat,50+,Teacher,AREA_EAST,iOS
P00027,Varun Mehta,36-50,Software Engineer,AREA_SOUTH,iOS
P00028,Deepak Chopra,18-25,Teacher,AREA_NORTH,Android
P00029,Rahul Bhat,36-50,Research Analyst,AREA_CENTRAL,iOS
P00030,Varun Gupta,26-35,Retail Worker,AREA_CENTRAL,iOS
P00031,Ishaan Singh,36-50,Banker,AREA_EAST,Android
P00032,Ananya Chatterjee,50+,Retail Worker,AREA_SOUTH,Android
P00033,Meera Trivedi,50+,Student,AREA_SOUTH,iOS
P00034,Amit Reddy,36-50,Banker,AREA_WEST,iOS
P00035,Rahul Chatterjee,50+,Retail Worker,AREA_CENTRAL,iOS
P00036,Aarav Banerjee,36-50,Banker,AREA_WEST,Android
P00037,Pranav Trivedi,26-35,Software Engineer,AREA_SOUTH,iOS
P00038,Yash Rao,36-50,Graphic Designer,AREA_EAST,iOS
P00039,Rohan Iyer,26-35,Student,AREA_NORTH,iOS
P00040,Kavya Nair,26-35,Doctor,AREA_NORTH,iOS
P00041,Yash Singh,36-50,Banker,AREA_SOUTH,Android
P00042,Varun Saxena,36-50,Delivery Partner,AREA_EAST,Android
P00043,Nikhil Joshi,26-35,Delivery Partner,AREA_WEST,iOS
P00044,Shreya Kulkarni,50+,Delivery Partner,AREA_WEST,Android
P00045,Arjun Reddy,18-25,Retail Worker,AREA_SOUTH,iOS
P00046,Aisha Gupta,26-35,Accountant,AREA_CENTRAL,Android
P00047,Ishaan Verma,50+,Doctor,AREA_SOUTH,iOS
P00048,Manish Mehta,50+,Consultant,AREA_EAST,iOS
P00049,Neha Saxena,50+,Civil Engineer,AREA_SOUTH,iOS
P00050,Vikram Chatterjee,36-50,Delivery Partner,AREA_SOUTH,iOS
P00051,Yash Reddy,26-35,Teacher,AREA_NORTH,Android
P00052,Kavya Kulkarni,18-25,Research Analyst,AREA_WEST,Android
P00053,Varun Deshmukh,26-35,Accountant,AREA_NORTH,iOS
P00054,Deepak Verma,50+,Civil Engineer,AREA_EAST,Android
P00055,Kavya Singh,26-35,Civil Engineer,AREA_WEST,iOS
P00056,Varun Mehta,50+,Accountant,AREA_CENTRAL,iOS
P00057,Deepak Mishra,50+,Accountant,AREA_EAST,Android
P00058,Sneha Verma,26-35,Research Analyst,AREA_CENTRAL,Android
P00059,Kabir Rao,36-50,Banker,AREA_NORTH,Android
P00060,Kavya Malhotra,50+,Architect,AREA_EAST,iOS
P00061,Ishaan Saxena,36-50,Teacher,AREA_SOUTH,iOS
P00062,Aisha Deshmukh,36-50,Teacher,AREA_EAST,Android
P00063,Karan Joshi,36-50,Sales Manager,AREA_NORTH,Android
P00064,Ishaan Trivedi,50+,Consultant,AREA_EAST,iOS
P00065,Vikram Rao,26-35,Accountant,AREA_EAST,Android
P00066,Priya Joshi,36-50,Delivery Partner,AREA_WEST,iOS
P00067,Yash Chopra,26-35,Research Analyst,AREA_CENTRAL,Android
P00068,Nikhil Pandey,18-25,Retail Worker,AREA_WEST,Android
P00069,Kavya Banerjee,36-50,Doctor,AREA_WEST,iOS
P00070,Nikhil Gupta,50+,Research Analyst,AREA_CENTRAL,Android
P00071,Rohan Iyer,50+,Delivery Partner,AREA_WEST,Android
P00072,Kabir Saxena,18-25,Software Engineer,AREA_NORTH,iOS
P00073,Gaurav Pandey,36-50,Banker,AREA_WEST,iOS
P00074,Manish Trivedi,36-50,Accountant,AREA_CENTRAL,iOS
P00075,Simran Saxena,26-35,Software Engineer,AREA_SOUTH,iOS
P00076,Divya Deshmukh,18-25,Consultant,AREA_WEST,Android
P00077,Aarav Pandey,18-25,Accountant,AREA_NORTH,Android
P00078,Simran Patel,18-25,Consultant,AREA_CENTRAL,Android
P00079,Nikhil Trivedi,18-25,Banker,AREA_WEST,iOS
P00080,Deepak Rao,50+,Architect,AREA_NORTH,iOS
P00081,Ishaan Trivedi,36-50,Accountant,AREA_WEST,Android
P00082,Ananya Das,26-35,Software Engineer,AREA_SOUTH,Android
P00083,Simran Joshi,50+,Doctor,AREA_SOUTH,Android
P00084,Simran Pandey,50+,Consultant,AREA_WEST,iOS
P00085,Deepak Gupta,26-35,Civil Engineer,AREA_SOUTH,iOS
P00086,Pooja Kulkarni,50+,Student,AREA_SOUTH,Android
P00087,Kabir Chopra,26-35,Accountant,AREA_EAST,iOS
P00088,Vikram Nair,18-25,Research Analyst,AREA_NORTH,iOS
P00089,Vikram Das,26-35,Sales Manager,AREA_EAST,iOS
P00090,Aditi Bhat,50+,Delivery Partner,AREA_EAST,Android
P00091,Ananya Iyer,36-50,Software Engineer,AREA_SOUTH,iOS
P00092,Ananya Banerjee,26-35,Software Engineer,AREA_CENTRAL,iOS
P00093,Sneha Chopra,50+,Student,AREA_WEST,Android
P00094,Riya Kapoor,36-50,Research Analyst,AREA_CENTRAL,iOS
P00095,Divya Kulkarni,36-50,Doctor,AREA_NORTH,iOS
P00096,Ishaan Chopra,18-25,Graphic Designer,AREA_SOUTH,Android
P00097,Aisha Mishra,26-35,Civil Engineer,AREA_CENTRAL,Android
P00098,Shreya Saxena,36-50,Accountant,AREA_CENTRAL,iOS
P00099,Neha Reddy,36-50,Retail Worker,AREA_SOUTH,Android
P00100,Rohan Saxena,18-25,Delivery Partner,AREA_WEST,Android
P00101,Aditi Das,36-50,Graphic Designer,AREA_NORTH,Android
P00102,Ananya Reddy,36-50,Software Engineer,AREA_NORTH,iOS
P00103,Pooja Chopra,36-50,Research Analyst,AREA_SOUTH,iOS
P00104,Yash Malhotra,36-50,Teacher,AREA_WEST,Android
P00105,Amit Deshmukh,18-25,Civil Engineer,AREA_WEST,Android
P00106,Priya Chopra,18-25,Sales Manager,AREA_WEST,iOS
P00107,Nikhil Singh,26-35,Research Analyst,AREA_CENTRAL,Android
P00108,Riya Joshi,26-35,Banker,AREA_NORTH,iOS
P00109,Shreya Das,18-25,Consultant,AREA_CENTRAL,iOS
P00110,Simran Sharma,18-25,Graphic Designer,AREA_NORTH,iOS
P00111,Yash Saxena,18-25,Architect,AREA_CENTRAL,iOS
P00112,Tanvi Joshi,26-35,Software Engineer,AREA_WEST,Android
P00113,Kavya Rao,26-35,Architect,AREA_SOUTH,iOS
P00114,Amit Joshi,36-50,Teacher,AREA_WEST,iOS
P00115,Aditi Das,50+,Banker,AREA_CENTRAL,iOS
P00116,Aditi Mehta,36-50,Student,AREA_NORTH,iOS
P00117,Shreya Chatterjee,50+,Civil Engineer,AREA_CENTRAL,Android
P00118,Priya Verma,18-25,Doctor,AREA_WEST,Android
P00119,Divya Das,36-50,Doctor,AREA_SOUTH,iOS
P00120,Yash Banerjee,36-50,Doctor,AREA_WEST,Android
P00121,Aditi Nair,36-50,Doctor,AREA_CENTRAL,Android
P00122,Kabir Chatterjee,18-25,Architect,AREA_WEST,iOS
P00123,Simran Banerjee,18-25,Architect,AREA_WEST,iOS
P00124,Karan Rao,50+,Architect,AREA_WEST,Android
P00125,Amit Rao,26-35,Accountant,AREA_CENTRAL,iOS
P00126,Yash Patel,36-50,Delivery Partner,AREA_SOUTH,Android
P00127,Vikram Das,50+,Banker,AREA_EAST,Android
P00128,Shreya Patel,26-35,Consultant,AREA_NORTH,Android
P00129,Tanvi Verma,36-50,Student,AREA_WEST,Android
P00130,Aarav Malhotra,18-25,Student,AREA_CENTRAL,Android
P00131,Divya Deshmukh,26-35,Teacher,AREA_EAST,iOS
P00132,Priya Malhotra,18-25,Graphic Designer,AREA_CENTRAL,iOS
P00133,Pranav Nair,18-25,Software Engineer,AREA_NORTH,iOS
P00134,Kavya Singh,18-25,Delivery Partner,AREA_NORTH,Android
P00135,Varun Trivedi,26-35,Civil Engineer,AREA_CENTRAL,iOS
P00136,Divya Gupta,18-25,Banker,AREA_WEST,iOS
P00137,Manish Chopra,50+,Teacher,AREA_WEST,Android
P00138,Kavya Gupta,36-50,Civil Engineer,AREA_CENTRAL,iOS
P00139,Manish Das,50+,Banker,AREA_NORTH,Android
P00140,Deepak Banerjee,50+,Teacher,AREA_NORTH,Android
P00141,Arjun Rao,36-50,Student,AREA_EAST,Android
P00142,Arjun Mishra,36-50,Graphic Designer,AREA_CENTRAL,iOS
P00143,Meera Sharma,36-50,Consultant,AREA_SOUTH,iOS
P00144,Aditi Verma,18-25,Student,AREA_WEST,iOS
P00145,Deepak Gupta,36-50,Consultant,AREA_NORTH,Android
P00146,Neha Singh,50+,Research Analyst,AREA_EAST,iOS
P00147,Nikhil Patel,18-25,Architect,AREA_NORTH,Android
P00148,Priya Rao,18-25,Retail Worker,AREA_NORTH,iOS
P00149,Rohan Kapoor,26-35,Student,AREA_NORTH,Android
P00150,Karan Nair,50+,Consultant,AREA_EAST,iOS
P00151,Meera Nair,50+,Banker,AREA_NORTH,iOS
P00152,Manish Trivedi,50+,Delivery Partner,AREA_SOUTH,Android
P00153,Sneha Mehta,18-25,Doctor,AREA_CENTRAL,iOS
P00154,Nikhil Chopra,36-50,Architect,AREA_NORTH,iOS
P00155,Sneha Reddy,36-50,Consultant,AREA_NORTH,Android
P00156,Sneha Gupta,36-50,Software Engineer,AREA_CENTRAL,iOS
P00157,Amit Kulkarni,36-50,Student,AREA_EAST,iOS
P00158,Yash Bhat,18-25,Delivery Partner,AREA_CENTRAL,Android
P00159,Shreya Iyer,26-35,Graphic Designer,AREA_CENTRAL,Android
P00160,Arjun Saxena,18-25,Consultant,AREA_NORTH,Android
P00161,Riya Saxena,50+,Civil Engineer,AREA_EAST,iOS
P00162,Ishaan Gupta,50+,Civil Engineer,AREA_EAST,Android
P00163,Yash Saxena,36-50,Civil Engineer,AREA_EAST,Android
P00164,Pooja Mehta,18-25,Research Analyst,AREA_SOUTH,Android
P00165,Ananya Kulkarni,36-50,Software Engineer,AREA_SOUTH,Android
P00166,Neha Gupta,50+,Teacher,AREA_NORTH,Android
P00167,Nikhil Malhotra,26-35,Sales Manager,AREA_WEST,iOS
P00168,Amit Das,18-25,Software Engineer,AREA_WEST,Android
P00169,Neha Reddy,36-50,Accountant,AREA_SOUTH,Android
P00170,Sneha Iyer,36-50,Delivery Partner,AREA_WEST,Android
P00171,Rahul Chatterjee,50+,Civil Engineer,AREA_WEST,iOS
P00172,Aarav Reddy,26-35,Student,AREA_WEST,iOS
P00173,Neha Mishra,36-50,Software Engineer,AREA_SOUTH,Android
P00174,Varun Mishra,36-50,Sales Manager,AREA_EAST,iOS
P00175,Manish Kulkarni,50+,Civil Engineer,AREA_CENTRAL,Android
P00176,Arjun Kapoor,36-50,Accountant,AREA_NORTH,iOS
P00177,Aarav Sharma,26-35,Consultant,AREA_WEST,iOS
P00178,Gaurav Chopra,36-50,Teacher,AREA_WEST,Android
P00179,Vikram Kulkarni,50+,Consultant,AREA_CENTRAL,Android
P00180,Kabir Deshmukh,50+,Retail Worker,AREA_EAST,Android
P00181,Shreya Saxena,26-35,Student,AREA_WEST,Android
P00182,Deepak Kulkarni,26-35,Banker,AREA_CENTRAL,iOS
P00183,Divya Chopra,26-35,Software Engineer,AREA_CENTRAL,Android
P00184,Shreya Malhotra,18-25,Student,AREA_EAST,Android
P00185,Varun Joshi,26-35,Civil Engineer,AREA_NORTH,iOS
P00186,Ananya Bhat,26-35,Research Analyst,AREA_WEST,Android
P00187,Deepak Mishra,36-50,Retail Worker,AREA_SOUTH,iOS
P00188,Amit Das,18-25,Retail Worker,AREA_WEST,iOS
P00189,Divya Sharma,36-50,Banker,AREA_WEST,iOS
P00190,Meera Chopra,26-35,Graphic Designer,AREA_NORTH,Android
P00191,Meera Singh,50+,Doctor,AREA_WEST,iOS
P00192,Arjun Malhotra,26-35,Retail Worker,AREA_SOUTH,iOS
P00193,Varun Mishra,36-50,Consultant,AREA_NORTH,Android
P00194,Pooja Banerjee,36-50,Teacher,AREA_EAST,iOS
P00195,Kabir Malhotra,50+,Retail Worker,AREA_SOUTH,iOS
P00196,Ishaan Sharma,26-35,Sales Manager,AREA_NORTH,iOS
P00197,Varun Mishra,18-25,Architect,AREA_EAST,iOS
P00198,Priya Sharma,26-35,Banker,AREA_NORTH,Android
P00199,Kavya Banerjee,18-25,Consultant,AREA_SOUTH,iOS
P00200,Shreya Joshi,50+,Banker,AREA_EAST,iOS
P00201,Tanvi Chopra,18-25,Teacher,AREA_NORTH,iOS
P00202,Tanvi Das,18-25,Teacher,AREA_CENTRAL,Android
P00203,Shreya Singh,36-50,Banker,AREA_CENTRAL,Android
P00204,Manish Chopra,50+,Student,AREA_EAST,Android
P00205,Rahul Verma,18-25,Consultant,AREA_NORTH,Android
P00206,Priya Sharma,36-50,Graphic Designer,AREA_WEST,Android
P00207,Nikhil Das,50+,Research Analyst,AREA_WEST,iOS
P00208,Ishaan Chopra,26-35,Delivery Partner,AREA_EAST,Android
P00209,Meera Banerjee,36-50,Teacher,AREA_CENTRAL,Android
P00210,Shreya Mishra,36-50,Banker,AREA_EAST,Android
P00211,Aisha Singh,50+,Retail Worker,AREA_NORTH,iOS
P00212,Pooja Banerjee,18-25,Doctor,AREA_EAST,iOS
P00213,Sanjay Verma,50+,Software Engineer,AREA_SOUTH,Android
P00214,Pranav Kulkarni,26-35,Sales Manager,AREA_SOUTH,Android
P00215,Siddharth Sharma,50+,Software Engineer,AREA_CENTRAL,iOS
P00216,Meera Nair,36-50,Banker,AREA_EAST,Android
P00217,Arjun Mishra,36-50,Teacher,AREA_SOUTH,iOS
P00218,Pooja Malhotra,26-35,Research Analyst,AREA_WEST,Android
P00219,Priya Patel,50+,Architect,AREA_CENTRAL,iOS
P00220,Aditi Das,36-50,Research Analyst,AREA_CENTRAL,Android
P00221,Aarav Kapoor,18-25,Teacher,AREA_WEST,Android
P00222,Karan Patel,26-35,Accountant,AREA_SOUTH,iOS
P00223,Pranav Das,50+,Teacher,AREA_SOUTH,Android
P00224,Varun Chatterjee,26-35,Architect,AREA_NORTH,iOS
P00225,Divya Trivedi,18-25,Consultant,AREA_NORTH,iOS
P00226,Riya Mehta,26-35,Accountant,AREA_CENTRAL,Android
P00227,Siddharth Verma,26-35,Teacher,AREA_EAST,Android
P00228,Tanvi Pandey,36-50,Accountant,AREA_EAST,Android
P00229,Siddharth Gupta,50+,Student,AREA_CENTRAL,Android
P00230,Karan Deshmukh,26-35,Consultant,AREA_NORTH,Android
P00231,Amit Joshi,36-50,Civil Engineer,AREA_CENTRAL,Android
P00232,Kavya Pandey,36-50,Student,AREA_WEST,Android
P00233,Divya Sharma,18-25,Architect,AREA_EAST,Android
P00234,Pranav Verma,26-35,Delivery Partner,AREA_CENTRAL,Android
P00235,Rohan Singh,50+,Doctor,AREA_WEST,iOS
P00236,Meera Malhotra,50+,Delivery Partner,AREA_CENTRAL,iOS
P00237,Yash Singh,26-35,Sales Manager,AREA_SOUTH,iOS
P00238,Manish Banerjee,50+,Graphic Designer,AREA_EAST,Android
P00239,Siddharth Das,36-50,Doctor,AREA_CENTRAL,Android
P00240,Pranav Mehta,18-25,Sales Manager,AREA_EAST,Android
P00241,Deepak Gupta,36-50,Accountant,AREA_SOUTH,Android
P00242,Riya Chopra,18-25,Research Analyst,AREA_CENTRAL,Android
P00243,Simran Saxena,50+,Student,AREA_WEST,iOS
P00244,Deepak Joshi,50+,Delivery Partner,AREA_EAST,Android
P00245,Karan Joshi,18-25,Accountant,AREA_WEST,Android
P00246,Nikhil Rao,18-25,Research Analyst,AREA_CENTRAL,Android
P00247,Simran Saxena,50+,Student,AREA_WEST,iOS
P00248,Nikhil Singh,36-50,Graphic Designer,AREA_EAST,Android
P00249,Aditi Rao,26-35,Sales Manager,AREA_CENTRAL,Android
P00250,Aarav Trivedi,26-35,Sales Manager,AREA_NORTH,Android
P00251,Rohan Das,26-35,Delivery Partner,AREA_CENTRAL,iOS
P00252,Siddharth Reddy,50+,Architect,AREA_CENTRAL,iOS
P00253,Gaurav Reddy,18-25,Doctor,AREA_NORTH,iOS
P00254,Amit Kulkarni,18-25,Software Engineer,AREA_SOUTH,Android
P00255,Aarav Singh,26-35,Doctor,AREA_WEST,iOS
P00256,Neha Mehta,36-50,Software Engineer,AREA_WEST,Android
P00257,Ananya Deshmukh,50+,Teacher,AREA_SOUTH,Android
P00258,Pranav Reddy,18-25,Architect,AREA_WEST,iOS
P00259,Ishaan Banerjee,18-25,Consultant,AREA_CENTRAL,Android
P00260,Kavya Malhotra,50+,Architect,AREA_NORTH,Android
P00261,Tanvi Rao,18-25,Teacher,AREA_SOUTH,Android
P00262,Amit Patel,36-50,Banker,AREA_NORTH,iOS
P00263,Nikhil Deshmukh,36-50,Doctor,AREA_SOUTH,iOS
P00264,Pooja Saxena,18-25,Student,AREA_SOUTH,iOS
P00265,Meera Pandey,26-35,Retail Worker,AREA_WEST,iOS
P00266,Vikram Mehta,50+,Delivery Partner,AREA_WEST,iOS
P00267,Sneha Chopra,50+,Architect,AREA_CENTRAL,Android
P00268,Sneha Chopra,26-35,Civil Engineer,AREA_EAST,iOS
P00269,Simran Sharma,50+,Software Engineer,AREA_EAST,iOS
P00270,Varun Patel,36-50,Consultant,AREA_EAST,Android
P00271,Sneha Joshi,50+,Teacher,AREA_EAST,Android
P00272,Ananya Chatterjee,18-25,Doctor,AREA_EAST,iOS
P00273,Priya Chopra,26-35,Student,AREA_WEST,iOS
P00274,Kabir Iyer,18-25,Doctor,AREA_WEST,iOS
P00275,Meera Sharma,26-35,Delivery Partner,AREA_WEST,iOS
P00276,Priya Mehta,50+,Student,AREA_EAST,iOS
P00277,Karan Pandey,18-25,Accountant,AREA_CENTRAL,Android
P00278,Vikram Banerjee,26-35,Architect,AREA_EAST,iOS
P00279,Deepak Saxena,18-25,Architect,AREA_SOUTH,iOS
P00280,Meera Chatterjee,18-25,Civil Engineer,AREA_WEST,iOS
P00281,Siddharth Mehta,26-35,Graphic Designer,AREA_CENTRAL,Android
P00282,Rahul Malhotra,36-50,Software Engineer,AREA_WEST,iOS
P00283,Shreya Saxena,36-50,Banker,AREA_EAST,iOS
P00284,Rahul Gupta,36-50,Banker,AREA_NORTH,Android
P00285,Priya Mishra,26-35,Research Analyst,AREA_SOUTH,Android
P00286,Manish Mishra,26-35,Accountant,AREA_CENTRAL,Android
P00287,Nikhil Sharma,50+,Civil Engineer,AREA_CENTRAL,Android
P00288,Aditi Mishra,50+,Software Engineer,AREA_EAST,iOS
P00289,Pranav Sharma,26-35,Software Engineer,AREA_WEST,iOS
P00290,Varun Saxena,18-25,Consultant,AREA_CENTRAL,Android
P00291,Sanjay Rao,36-50,Teacher,AREA_NORTH,iOS
P00292,Nikhil Gupta,26-35,Consultant,AREA_EAST,iOS
P00293,Priya Verma,36-50,Graphic Designer,AREA_EAST,iOS
P00294,Pranav Malhotra,26-35,Student,AREA_CENTRAL,Android
P00295,Priya Banerjee,26-35,Banker,AREA_WEST,iOS
P00296,Ishaan Nair,18-25,Retail Worker,AREA_NORTH,Android
P00297,Siddharth Gupta,18-25,Accountant,AREA_NORTH,iOS
P00298,Aditi Trivedi,26-35,Graphic Designer,AREA_CENTRAL,iOS
P00299,Karan Saxena,26-35,Accountant,AREA_NORTH,iOS
P00300,Kabir Kulkarni,50+,Graphic Designer,AREA_SOUTH,Android
P00301,Tanvi Rao,26-35,Delivery Partner,AREA_NORTH,iOS
P00302,Karan Kulkarni,36-50,Retail Worker,AREA_CENTRAL,Android
P00303,Rahul Deshmukh,26-35,Sales Manager,AREA_WEST,iOS
P00304,Ananya Nair,36-50,Software Engineer,AREA_WEST,Android
P00305,Deepak Trivedi,50+,Teacher,AREA_NORTH,Android
P00306,Sneha Chopra,36-50,Teacher,AREA_EAST,iOS
P00307,Sanjay Rao,26-35,Student,AREA_NORTH,Android
P00308,Varun Das,50+,Banker,AREA_SOUTH,iOS
P00309,Deepak Das,18-25,Consultant,AREA_CENTRAL,Android
P00310,Ishaan Trivedi,36-50,Student,AREA_EAST,iOS
P00311,Arjun Joshi,50+,Architect,AREA_SOUTH,Android
P00312,Pooja Reddy,50+,Sales Manager,AREA_NORTH,iOS
P00313,Simran Kapoor,36-50,Delivery Partner,AREA_NORTH,iOS
P00314,Priya Das,26-35,Doctor,AREA_SOUTH,iOS
P00315,Pooja Mehta,36-50,Retail Worker,AREA_WEST,iOS
P00316,Aditi Singh,26-35,Student,AREA_CENTRAL,Android
P00317,Ananya Trivedi,50+,Retail Worker,AREA_NORTH,iOS
P00318,Divya Reddy,18-25,Banker,AREA_SOUTH,iOS
P00319,Aarav Trivedi,36-50,Sales Manager,AREA_WEST,iOS
P00320,Tanvi Mishra,50+,Teacher,AREA_NORTH,iOS
P00321,Varun Rao,26-35,Accountant,AREA_NORTH,Android
P00322,Kavya Mehta,18-25,Teacher,AREA_CENTRAL,Android
P00323,Aisha Joshi,26-35,Delivery Partner,AREA_SOUTH,iOS
P00324,Neha Pandey,36-50,Civil Engineer,AREA_EAST,iOS
P00325,Simran Pandey,26-35,Doctor,AREA_CENTRAL,iOS
P00326,Karan Sharma,18-25,Accountant,AREA_NORTH,iOS
P00327,Sneha Bhat,18-25,Doctor,AREA_WEST,iOS
P00328,Meera Singh,18-25,Teacher,AREA_SOUTH,iOS
P00329,Ishaan Deshmukh,26-35,Architect,AREA_WEST,iOS
P00330,Vikram Kapoor,26-35,Delivery Partner,AREA_NORTH,iOS
P00331,Aditi Banerjee,18-25,Accountant,AREA_SOUTH,iOS
P00332,Tanvi Mishra,18-25,Retail Worker,AREA_SOUTH,iOS
P00333,Vikram Joshi,50+,Banker,AREA_WEST,iOS
P00334,Vikram Singh,50+,Delivery Partner,AREA_EAST,iOS
P00335,Manish Pandey,26-35,Student,AREA_CENTRAL,iOS
P00336,Kabir Trivedi,50+,Teacher,AREA_NORTH,Android
P00337,Sneha Banerjee,50+,Doctor,AREA_WEST,Android
P00338,Karan Trivedi,50+,Student,AREA_SOUTH,iOS
P00339,Sneha Iyer,18-25,Sales Manager,AREA_WEST,Android
P00340,Gaurav Chopra,36-50,Teacher,AREA_WEST,Android
P00341,Pooja Saxena,36-50,Accountant,AREA_SOUTH,iOS
P00342,Kabir Joshi,18-25,Software Engineer,AREA_EAST,iOS
P00343,Aditi Malhotra,18-25,Civil Engineer,AREA_EAST,iOS
P00344,Riya Gupta,18-25,Consultant,AREA_EAST,Android
P00345,Aditi Bhat,50+,Sales Manager,AREA_NORTH,iOS
P00346,Gaurav Saxena,18-25,Accountant,AREA_NORTH,iOS
P00347,Vikram Mehta,18-25,Consultant,AREA_WEST,Android
P00348,Priya Sharma,18-25,Sales Manager,AREA_WEST,iOS
P00349,Rahul Nair,18-25,Sales Manager,AREA_WEST,iOS
P00350,Divya Gupta,36-50,Retail Worker,AREA_SOUTH,iOS
P00351,Karan Verma,36-50,Graphic Designer,AREA_EAST,Android
P00352,Kabir Reddy,36-50,Graphic Designer,AREA_SOUTH,Android
P00353,Rahul Pandey,50+,Software Engineer,AREA_SOUTH,iOS
P00354,Priya Joshi,26-35,Civil Engineer,AREA_CENTRAL,iOS
P00355,Karan Sharma,50+,Banker,AREA_CENTRAL,iOS
P00356,Priya Verma,36-50,Student,AREA_EAST,iOS
P00357,Gaurav Das,26-35,Software Engineer,AREA_NORTH,iOS
P00358,Sneha Chatterjee,26-35,Banker,AREA_NORTH,Android
P00359,Deepak Malhotra,18-25,Consultant,AREA_WEST,Android
P00360,Rahul Patel,50+,Architect,AREA_WEST,iOS
P00361,Arjun Patel,18-25,Sales Manager,AREA_SOUTH,Android
P00362,Manish Saxena,18-25,Graphic Designer,AREA_CENTRAL,iOS
P00363,Siddharth Singh,26-35,Graphic Designer,AREA_SOUTH,Android
P00364,Rohan Pandey,50+,Graphic Designer,AREA_SOUTH,iOS
P00365,Aisha Trivedi,18-25,Civil Engineer,AREA_WEST,iOS
P00366,Deepak Reddy,26-35,Banker,AREA_SOUTH,iOS
P00367,Rohan Nair,36-50,Civil Engineer,AREA_CENTRAL,Android
P00368,Pooja Nair,50+,Retail Worker,AREA_EAST,Android
P00369,Deepak Kulkarni,50+,Consultant,AREA_EAST,Android
P00370,Sanjay Deshmukh,36-50,Consultant,AREA_EAST,Android
P00371,Kabir Banerjee,36-50,Doctor,AREA_WEST,iOS
P00372,Pranav Deshmukh,36-50,Research Analyst,AREA_NORTH,iOS
P00373,Aarav Deshmukh,18-25,Student,AREA_WEST,Android
P00374,Rahul Sharma,26-35,Graphic Designer,AREA_CENTRAL,iOS
P00375,Riya Sharma,36-50,Software Engineer,AREA_EAST,Android
P00376,Aditi Kulkarni,26-35,Sales Manager,AREA_NORTH,Android
P00377,Kavya Trivedi,18-25,Teacher,AREA_NORTH,iOS
P00378,Karan Verma,18-25,Banker,AREA_CENTRAL,Android
P00379,Meera Bhat,50+,Teacher,AREA_SOUTH,Android
P00380,Pooja Kulkarni,36-50,Banker,AREA_WEST,iOS
P00381,Aarav Singh,18-25,Software Engineer,AREA_NORTH,Android
P00382,Shreya Rao,26-35,Teacher,AREA_EAST,iOS
P00383,Amit Mishra,26-35,Teacher,AREA_WEST,Android
P00384,Shreya Patel,50+,Retail Worker,AREA_WEST,Android
P00385,Varun Iyer,50+,Banker,AREA_SOUTH,Android
P00386,Nikhil Malhotra,18-25,Doctor,AREA_NORTH,iOS
P00387,Kabir Pandey,26-35,Architect,AREA_CENTRAL,Android
P00388,Yash Reddy,36-50,Research Analyst,AREA_SOUTH,iOS
P00389,Pranav Singh,18-25,Banker,AREA_CENTRAL,Android
P00390,Nikhil Kapoor,18-25,Retail Worker,AREA_WEST,Android
P00391,Kabir Mishra,26-35,Consultant,AREA_SOUTH,iOS
P00392,Kabir Banerjee,18-25,Civil Engineer,AREA_EAST,iOS
P00393,Sneha Trivedi,36-50,Software Engineer,AREA_SOUTH,iOS
P00394,Varun Banerjee,18-25,Teacher,AREA_CENTRAL,iOS
P00395,Shreya Mehta,18-25,Teacher,AREA_NORTH,iOS
P00396,Riya Chatterjee,26-35,Consultant,AREA_WEST,Android
P00397,Vikram Mishra,50+,Doctor,AREA_SOUTH,Android
P00398,Deepak Singh,26-35,Sales Manager,AREA_WEST,iOS
P00399,Neha Banerjee,26-35,Software Engineer,AREA_EAST,iOS
P00400,Arjun Malhotra,50+,Accountant,AREA_NORTH,Android
P00401,Ishaan Das,18-25,Architect,AREA_WEST,iOS
P00402,Ishaan Saxena,18-25,Graphic Designer,AREA_SOUTH,Android
P00403,Deepak Banerjee,26-35,Delivery Partner,AREA_SOUTH,iOS
P00404,Sanjay Malhotra,36-50,Sales Manager,AREA_NORTH,Android
P00405,Gaurav Chopra,18-25,Doctor,AREA_NORTH,Android
P00406,Sanjay Gupta,36-50,Graphic Designer,AREA_CENTRAL,Android
P00407,Manish Patel,18-25,Software Engineer,AREA_WEST,Android
P00408,Priya Malhotra,36-50,Research Analyst,AREA_NORTH,iOS
P00409,Simran Rao,18-25,Research Analyst,AREA_EAST,Android
P00410,Amit Patel,18-25,Teacher,AREA_EAST,iOS
P00411,Priya Bhat,50+,Civil Engineer,AREA_CENTRAL,Android
P00412,Karan Mehta,18-25,Graphic Designer,AREA_NORTH,Android
P00413,Priya Chatterjee,18-25,Research Analyst,AREA_SOUTH,Android
P00414,Tanvi Reddy,18-25,Software Engineer,AREA_CENTRAL,iOS
P00415,Sanjay Singh,36-50,Teacher,AREA_CENTRAL,Android
P00416,Varun Deshmukh,50+,Doctor,AREA_NORTH,iOS
P00417,Nikhil Nair,50+,Software Engineer,AREA_EAST,iOS
P00418,Tanvi Iyer,18-25,Civil Engineer,AREA_SOUTH,Android
P00419,Kabir Kulkarni,18-25,Retail Worker,AREA_NORTH,iOS
P00420,Sneha Kapoor,50+,Software Engineer,AREA_SOUTH,Android
P00421,Amit Das,18-25,Student,AREA_WEST,Android
P00422,Priya Pandey,36-50,Consultant,AREA_NORTH,Android
P00423,Pranav Chopra,26-35,Retail Worker,AREA_SOUTH,Android
P00424,Pooja Kapoor,26-35,Civil Engineer,AREA_EAST,iOS
P00425,Vikram Sharma,36-50,Doctor,AREA_SOUTH,Android
P00426,Tanvi Banerjee,36-50,Sales Manager,AREA_EAST,Android
P00427,Shreya Joshi,36-50,Teacher,AREA_WEST,iOS
P00428,Meera Saxena,26-35,Student,AREA_SOUTH,iOS
P00429,Varun Chatterjee,18-25,Civil Engineer,AREA_SOUTH,iOS
P00430,Pooja Mishra,36-50,Architect,AREA_NORTH,Android
P00431,Priya Bhat,18-25,Retail Worker,AREA_CENTRAL,iOS
P00432,Sneha Nair,26-35,Research Analyst,AREA_SOUTH,iOS
P00433,Kabir Patel,36-50,Retail Worker,AREA_EAST,Android
P00434,Amit Gupta,18-25,Banker,AREA_SOUTH,Android
P00435,Priya Malhotra,26-35,Retail Worker,AREA_NORTH,Android
P00436,Divya Trivedi,36-50,Civil Engineer,AREA_SOUTH,Android
P00437,Yash Verma,26-35,Civil Engineer,AREA_EAST,Android
P00438,Neha Das,26-35,Graphic Designer,AREA_SOUTH,Android
P00439,Kavya Saxena,36-50,Graphic Designer,AREA_WEST,Android
P00440,Varun Chopra,18-25,Research Analyst,AREA_CENTRAL,iOS
P00441,Simran Singh,18-25,Graphic Designer,AREA_CENTRAL,iOS
P00442,Pooja Reddy,26-35,Consultant,AREA_CENTRAL,iOS
P00443,Aisha Deshmukh,36-50,Research Analyst,AREA_WEST,Android
P00444,Rahul Patel,36-50,Research Analyst,AREA_WEST,Android
P00445,Karan Das,18-25,Consultant,AREA_WEST,iOS
P00446,Vikram Sharma,18-25,Student,AREA_SOUTH,iOS
P00447,Gaurav Deshmukh,26-35,Teacher,AREA_EAST,iOS
P00448,Meera Chatterjee,18-25,Consultant,AREA_EAST,Android
P00449,Manish Kapoor,50+,Consultant,AREA_NORTH,Android
P00450,Arjun Saxena,50+,Accountant,AREA_SOUTH,Android
P00451,Neha Patel,26-35,Research Analyst,AREA_NORTH,iOS
P00452,Riya Patel,50+,Civil Engineer,AREA_SOUTH,iOS
P00453,Ishaan Gupta,26-35,Software Engineer,AREA_NORTH,Android
P00454,Gaurav Trivedi,36-50,Research Analyst,AREA_WEST,Android
P00455,Aditi Saxena,18-25,Retail Worker,AREA_CENTRAL,Android
P00456,Divya Reddy,26-35,Civil Engineer,AREA_CENTRAL,iOS
P00457,Priya Kapoor,36-50,Teacher,AREA_EAST,iOS
P00458,Vikram Kulkarni,50+,Consultant,AREA_SOUTH,iOS
P00459,Siddharth Sharma,50+,Retail Worker,AREA_CENTRAL,iOS
P00460,Ananya Patel,36-50,Software Engineer,AREA_EAST,iOS
P00461,Siddharth Chatterjee,26-35,Graphic Designer,AREA_NORTH,Android
P00462,Varun Das,36-50,Banker,AREA_CENTRAL,Android
P00463,Simran Malhotra,36-50,Student,AREA_NORTH,iOS
P00464,Aarav Kulkarni,36-50,Student,AREA_EAST,Android
P00465,Kabir Verma,36-50,Banker,AREA_SOUTH,iOS
P00466,Divya Das,50+,Architect,AREA_SOUTH,Android
P00467,Nikhil Banerjee,36-50,Banker,AREA_EAST,Android
P00468,Kabir Mehta,18-25,Doctor,AREA_EAST,iOS
P00469,Riya Patel,18-25,Civil Engineer,AREA_EAST,Android
P00470,Rahul Rao,36-50,Retail Worker,AREA_CENTRAL,iOS
P00471,Kavya Das,36-50,Student,AREA_SOUTH,iOS
P00472,Aditi Singh,50+,Software Engineer,AREA_NORTH,Android
P00473,Kabir Verma,18-25,Sales Manager,AREA_EAST,iOS
P00474,Arjun Mishra,26-35,Research Analyst,AREA_SOUTH,iOS
P00475,Shreya Saxena,36-50,Retail Worker,AREA_CENTRAL,Android
P00476,Karan Singh,50+,Banker,AREA_WEST,Android
P00477,Priya Gupta,26-35,Doctor,AREA_EAST,Android
P00478,Tanvi Das,18-25,Accountant,AREA_SOUTH,Android
P00479,Aarav Nair,26-35,Student,AREA_WEST,Android
P00480,Simran Banerjee,36-50,Retail Worker,AREA_SOUTH,Android
P00481,Kabir Iyer,26-35,Doctor,AREA_SOUTH,iOS
P00482,Nikhil Mishra,36-50,Research Analyst,AREA_SOUTH,iOS
P00483,Manish Reddy,18-25,Civil Engineer,AREA_EAST,Android
P00484,Riya Mehta,18-25,Civil Engineer,AREA_CENTRAL,Android
P00485,Arjun Chatterjee,36-50,Doctor,AREA_EAST,iOS
P00486,Kavya Patel,18-25,Delivery Partner,AREA_NORTH,Android
P00487,Meera Rao,36-50,Research Analyst,AREA_CENTRAL,Android
P00488,Gaurav Malhotra,50+,Civil Engineer,AREA_NORTH,Android
P00489,Siddharth Malhotra,50+,Retail Worker,AREA_EAST,iOS
P00490,Simran Chopra,50+,Delivery Partner,AREA_WEST,Android
P00491,Arjun Reddy,26-35,Research Analyst,AREA_CENTRAL,Android
P00492,Aisha Pandey,18-25,Research Analyst,AREA_SOUTH,Android
P00493,Tanvi Iyer,18-25,Accountant,AREA_WEST,iOS
P00494,Aditi Trivedi,18-25,Sales Manager,AREA_NORTH,iOS
P00495,Arjun Deshmukh,36-50,Accountant,AREA_SOUTH,Android
P00496,Arjun Rao,18-25,Research Analyst,AREA_WEST,iOS
P00497,Manish Singh,36-50,Software Engineer,AREA_SOUTH,iOS
P00498,Karan Singh,50+,Architect,AREA_CENTRAL,iOS
P00499,Riya Pandey,18-25,Delivery Partner,AREA_WEST,Android
P00500,Pooja Das,36-50,Research Analyst,AREA_EAST,iOS
P00501,Kavya Trivedi,36-50,Graphic Designer,AREA_CENTRAL,Android
P00502,Ananya Mehta,50+,Student,AREA_CENTRAL,iOS
P00503,Kavya Reddy,18-25,Civil Engineer,AREA_EAST,iOS
P00504,Priya Reddy,26-35,Accountant,AREA_NORTH,Android
P00505,Vikram Sharma,18-25,Software Engineer,AREA_EAST,iOS
P00506,Karan Bhat,26-35,Research Analyst,AREA_NORTH,iOS
P00507,Tanvi Banerjee,26-35,Student,AREA_WEST,Android
P00508,Sneha Banerjee,36-50,Teacher,AREA_SOUTH,iOS
P00509,Rohan Kapoor,26-35,Delivery Partner,AREA_SOUTH,iOS
P00510,Meera Banerjee,18-25,Retail Worker,AREA_CENTRAL,Android
P00511,Rohan Rao,36-50,Research Analyst,AREA_NORTH,iOS
P00512,Rohan Singh,26-35,Doctor,AREA_WEST,iOS
P00513,Ananya Trivedi,26-35,Civil Engineer,AREA_CENTRAL,Android
P00514,Priya Nair,26-35,Research Analyst,AREA_CENTRAL,iOS
P00515,Manish Kapoor,50+,Doctor,AREA_WEST,iOS
P00516,Pranav Mehta,50+,Accountant,AREA_NORTH,iOS
P00517,Karan Malhotra,50+,Software Engineer,AREA_CENTRAL,iOS
P00518,Amit Das,26-35,Doctor,AREA_CENTRAL,Android
P00519,Kavya Sharma,18-25,Software Engineer,AREA_WEST,Android
P00520,Ishaan Rao,50+,Research Analyst,AREA_CENTRAL,iOS
P00521,Varun Pandey,26-35,Sales Manager,AREA_CENTRAL,Android
P00522,Gaurav Sharma,18-25,Civil Engineer,AREA_SOUTH,Android
P00523,Divya Verma,26-35,Civil Engineer,AREA_EAST,Android
P00524,Manish Reddy,26-35,Accountant,AREA_EAST,Android
P00525,Meera Iyer,36-50,Civil Engineer,AREA_WEST,iOS
P00526,Manish Chatterjee,26-35,Doctor,AREA_CENTRAL,Android
P00527,Ananya Chopra,50+,Student,AREA_WEST,iOS
P00528,Sanjay Sharma,18-25,Delivery Partner,AREA_WEST,iOS
P00529,Siddharth Reddy,50+,Retail Worker,AREA_EAST,Android
P00530,Kabir Iyer,18-25,Accountant,AREA_SOUTH,iOS
P00531,Aarav Rao,18-25,Teacher,AREA_NORTH,iOS
P00532,Yash Pandey,18-25,Delivery Partner,AREA_CENTRAL,Android
P00533,Vikram Reddy,26-35,Consultant,AREA_CENTRAL,iOS
P00534,Yash Rao,36-50,Doctor,AREA_EAST,iOS
P00535,Yash Mishra,50+,Accountant,AREA_CENTRAL,iOS
P00536,Sanjay Joshi,36-50,Architect,AREA_EAST,Android
P00537,Neha Chatterjee,18-25,Research Analyst,AREA_SOUTH,iOS
P00538,Aisha Bhat,18-25,Graphic Designer,AREA_EAST,Android
P00539,Rahul Mehta,50+,Research Analyst,AREA_EAST,iOS
P00540,Yash Reddy,18-25,Retail Worker,AREA_SOUTH,Android
P00541,Deepak Kapoor,18-25,Banker,AREA_SOUTH,Android
P00542,Yash Deshmukh,26-35,Banker,AREA_EAST,iOS
P00543,Gaurav Bhat,26-35,Student,AREA_EAST,iOS
P00544,Kavya Trivedi,18-25,Delivery Partner,AREA_SOUTH,Android
P00545,Karan Joshi,26-35,Civil Engineer,AREA_NORTH,Android
P00546,Shreya Saxena,50+,Graphic Designer,AREA_SOUTH,iOS
P00547,Karan Sharma,50+,Sales Manager,AREA_SOUTH,Android
P00548,Vikram Nair,50+,Consultant,AREA_NORTH,Android
P00549,Shreya Joshi,18-25,Retail Worker,AREA_WEST,Android
P00550,Aisha Malhotra,50+,Retail Worker,AREA_WEST,iOS
P00551,Nikhil Mishra,50+,Banker,AREA_NORTH,iOS
P00552,Kabir Malhotra,18-25,Civil Engineer,AREA_WEST,iOS
P00553,Pranav Joshi,26-35,Doctor,AREA_EAST,Android
P00554,Pranav Malhotra,18-25,Accountant,AREA_NORTH,iOS
P00555,Gaurav Sharma,26-35,Graphic Designer,AREA_SOUTH,iOS
P00556,Kabir Patel,26-35,Retail Worker,AREA_SOUTH,iOS
P00557,Manish Iyer,26-35,Teacher,AREA_WEST,iOS
P00558,Nikhil Nair,18-25,Accountant,AREA_WEST,iOS
P00559,Aarav Malhotra,18-25,Software Engineer,AREA_NORTH,iOS
P00560,Meera Singh,26-35,Graphic Designer,AREA_WEST,Android
P00561,Arjun Deshmukh,50+,Consultant,AREA_SOUTH,iOS
P00562,Tanvi Patel,18-25,Consultant,AREA_SOUTH,iOS
P00563,Divya Singh,26-35,Banker,AREA_SOUTH,Android
P00564,Gaurav Banerjee,36-50,Doctor,AREA_CENTRAL,iOS
P00565,Arjun Kapoor,50+,Software Engineer,AREA_NORTH,Android
P00566,Neha Deshmukh,18-25,Research Analyst,AREA_WEST,iOS
P00567,Nikhil Malhotra,18-25,Doctor,AREA_SOUTH,iOS
P00568,Meera Nair,26-35,Doctor,AREA_SOUTH,iOS
P00569,Aisha Nair,26-35,Doctor,AREA_CENTRAL,iOS
P00570,Sanjay Das,36-50,Sales Manager,AREA_EAST,iOS
P00571,Rohan Kapoor,18-25,Doctor,AREA_EAST,Android
P00572,Nikhil Nair,50+,Delivery Partner,AREA_NORTH,iOS
P00573,Yash Chopra,50+,Sales Manager,AREA_WEST,Android
P00574,Gaurav Verma,50+,Software Engineer,AREA_CENTRAL,Android
P00575,Rahul Pandey,18-25,Accountant,AREA_WEST,Android
P00576,Sneha Kapoor,50+,Consultant,AREA_CENTRAL,Android
P00577,Vikram Iyer,50+,Consultant,AREA_CENTRAL,Android
P00578,Kavya Chopra,26-35,Banker,AREA_WEST,Android
P00579,Aarav Trivedi,18-25,Delivery Partner,AREA_NORTH,Android
P00580,Shreya Mishra,26-35,Research Analyst,AREA_WEST,iOS
P00581,Yash Banerjee,50+,Accountant,AREA_CENTRAL,Android
P00582,Amit Kapoor,18-25,Delivery Partner,AREA_CENTRAL,iOS
P00583,Siddharth Gupta,18-25,Doctor,AREA_CENTRAL,iOS
P00584,Priya Malhotra,26-35,Teacher,AREA_CENTRAL,iOS
P00585,Riya Sharma,18-25,Retail Worker,AREA_NORTH,iOS
P00586,Ishaan Chopra,36-50,Banker,AREA_EAST,iOS
P00587,Ananya Verma,50+,Student,AREA_SOUTH,iOS
P00588,Meera Rao,26-35,Doctor,AREA_WEST,Android
P00589,Shreya Trivedi,36-50,Architect,AREA_WEST,iOS
P00590,Amit Deshmukh,26-35,Graphic Designer,AREA_EAST,Android
P00591,Kabir Mishra,26-35,Graphic Designer,AREA_SOUTH,Android
P00592,Shreya Gupta,50+,Sales Manager,AREA_CENTRAL,Android
P00593,Siddharth Bhat,26-35,Accountant,AREA_WEST,iOS
P00594,Gaurav Chopra,26-35,Architect,AREA_SOUTH,Android
P00595,Rahul Verma,26-35,Research Analyst,AREA_NORTH,iOS
P00596,Manish Iyer,18-25,Student,AREA_NORTH,Android
P00597,Siddharth Trivedi,26-35,Consultant,AREA_SOUTH,iOS
P00598,Neha Joshi,18-25,Consultant,AREA_CENTRAL,Android
P00599,Pooja Chatterjee,36-50,Graphic Designer,AREA_NORTH,iOS
P00600,Amit Singh,50+,Banker,AREA_SOUTH,iOS
P00601,Meera Chatterjee,36-50,Architect,AREA_CENTRAL,iOS
P00602,Yash Pandey,50+,Banker,AREA_WEST,Android
P00603,Manish Rao,18-25,Software Engineer,AREA_WEST,iOS
P00604,Kavya Bhat,26-35,Civil Engineer,AREA_SOUTH,Android
P00605,Rohan Gupta,26-35,Doctor,AREA_EAST,iOS
P00606,Aisha Chopra,26-35,Retail Worker,AREA_CENTRAL,Android
P00607,Karan Saxena,50+,Research Analyst,AREA_NORTH,Android
P00608,Priya Joshi,26-35,Banker,AREA_WEST,iOS
P00609,Ananya Kulkarni,50+,Sales Manager,AREA_SOUTH,Android
P00610,Sanjay Singh,50+,Graphic Designer,AREA_CENTRAL,iOS
P00611,Manish Chatterjee,26-35,Architect,AREA_CENTRAL,Android
P00612,Shreya Patel,18-25,Accountant,AREA_EAST,Android
P00613,Varun Rao,36-50,Civil Engineer,AREA_EAST,iOS
P00614,Arjun Das,36-50,Software Engineer,AREA_WEST,iOS
P00615,Aisha Chopra,18-25,Sales Manager,AREA_CENTRAL,Android
P00616,Meera Sharma,50+,Student,AREA_CENTRAL,iOS
P00617,Deepak Mehta,18-25,Graphic Designer,AREA_CENTRAL,iOS
P00618,Divya Nair,36-50,Teacher,AREA_CENTRAL,iOS
P00619,Amit Mishra,18-25,Sales Manager,AREA_NORTH,Android
P00620,Riya Chatterjee,50+,Doctor,AREA_SOUTH,iOS
P00621,Rahul Rao,26-35,Retail Worker,AREA_SOUTH,iOS
P00622,Gaurav Singh,36-50,Civil Engineer,AREA_WEST,iOS
P00623,Varun Mishra,18-25,Student,AREA_EAST,iOS
P00624,Riya Iyer,26-35,Teacher,AREA_WEST,Android
P00625,Rohan Mehta,50+,Student,AREA_EAST,Android
P00626,Shreya Das,26-35,Retail Worker,AREA_SOUTH,iOS
P00627,Gaurav Das,50+,Consultant,AREA_SOUTH,Android
P00628,Sanjay Trivedi,26-35,Architect,AREA_NORTH,Android
P00629,Nikhil Singh,50+,Software Engineer,AREA_EAST,Android
P00630,Karan Nair,50+,Architect,AREA_WEST,Android
P00631,Deepak Chatterjee,18-25,Graphic Designer,AREA_CENTRAL,Android
P00632,Yash Gupta,18-25,Student,AREA_WEST,Android
P00633,Ananya Nair,50+,Consultant,AREA_WEST,iOS
P00634,Meera Sharma,50+,Sales Manager,AREA_NORTH,Android
P00635,Sanjay Singh,26-35,Sales Manager,AREA_WEST,iOS
P00636,Arjun Malhotra,18-25,Civil Engineer,AREA_EAST,Android
P00637,Yash Patel,36-50,Doctor,AREA_WEST,iOS
P00638,Aarav Iyer,36-50,Sales Manager,AREA_WEST,iOS
P00639,Deepak Deshmukh,36-50,Software Engineer,AREA_CENTRAL,iOS
P00640,Arjun Pandey,50+,Graphic Designer,AREA_WEST,Android
P00641,Ananya Sharma,26-35,Research Analyst,AREA_CENTRAL,Android
P00642,Rohan Mishra,50+,Consultant,AREA_SOUTH,iOS
P00643,Meera Pandey,50+,Software Engineer,AREA_CENTRAL,Android
P00644,Riya Trivedi,36-50,Doctor,AREA_EAST,iOS
P00645,Kabir Patel,50+,Student,AREA_CENTRAL,iOS
P00646,Yash Kapoor,36-50,Teacher,AREA_WEST,Android
P00647,Aditi Mehta,50+,Sales Manager,AREA_EAST,Android
P00648,Priya Malhotra,26-35,Student,AREA_NORTH,Android
P00649,Rahul Mehta,50+,Banker,AREA_SOUTH,Android
P00650,Ishaan Iyer,36-50,Delivery Partner,AREA_EAST,iOS
P00651,Meera Singh,50+,Delivery Partner,AREA_CENTRAL,iOS
P00652,Amit Joshi,18-25,Graphic Designer,AREA_SOUTH,iOS
P00653,Priya Joshi,26-35,Architect,AREA_SOUTH,iOS
P00654,Rohan Trivedi,36-50,Teacher,AREA_NORTH,iOS
P00655,Gaurav Nair,26-35,Doctor,AREA_SOUTH,iOS
P00656,Simran Trivedi,26-35,Civil Engineer,AREA_EAST,iOS
P00657,Rahul Rao,36-50,Architect,AREA_CENTRAL,iOS
P00658,Varun Reddy,26-35,Sales Manager,AREA_SOUTH,iOS
P00659,Sneha Chatterjee,18-25,Delivery Partner,AREA_SOUTH,Android
P00660,Ishaan Patel,26-35,Banker,AREA_EAST,Android
P00661,Priya Kulkarni,36-50,Software Engineer,AREA_CENTRAL,iOS
P00662,Aarav Das,18-25,Accountant,AREA_EAST,Android
P00663,Varun Chatterjee,26-35,Doctor,AREA_EAST,Android
P00664,Aarav Das,18-25,Sales Manager,AREA_NORTH,Android
P00665,Yash Rao,36-50,Doctor,AREA_SOUTH,iOS
P00666,Vikram Iyer,50+,Graphic Designer,AREA_CENTRAL,Android
P00667,Nikhil Kapoor,26-35,Doctor,AREA_CENTRAL,Android
P00668,Neha Gupta,36-50,Sales Manager,AREA_EAST,Android
P00669,Siddharth Chopra,18-25,Software Engineer,AREA_CENTRAL,iOS
P00670,Manish Mishra,18-25,Teacher,AREA_SOUTH,iOS
P00671,Pranav Banerjee,18-25,Architect,AREA_EAST,Android
P00672,Meera Mehta,50+,Architect,AREA_EAST,iOS
P00673,Deepak Gupta,50+,Research Analyst,AREA_SOUTH,iOS
P00674,Varun Singh,50+,Software Engineer,AREA_WEST,Android
P00675,Deepak Mishra,36-50,Teacher,AREA_SOUTH,iOS
P00676,Rohan Kulkarni,26-35,Software Engineer,AREA_CENTRAL,iOS
P00677,Meera Bhat,26-35,Architect,AREA_WEST,Android
P00678,Tanvi Reddy,26-35,Doctor,AREA_WEST,Android
P00679,Simran Mishra,36-50,Retail Worker,AREA_NORTH,Android
P00680,Siddharth Singh,26-35,Graphic Designer,AREA_NORTH,iOS
P00681,Sanjay Sharma,26-35,Student,AREA_SOUTH,Android
P00682,Kavya Deshmukh,18-25,Graphic Designer,AREA_CENTRAL,iOS
P00683,Divya Banerjee,18-25,Accountant,AREA_WEST,iOS
P00684,Aditi Iyer,26-35,Banker,AREA_SOUTH,Android
P00685,Neha Banerjee,36-50,Consultant,AREA_CENTRAL,iOS
P00686,Tanvi Saxena,36-50,Consultant,AREA_EAST,iOS
P00687,Pooja Singh,26-35,Sales Manager,AREA_CENTRAL,Android
P00688,Yash Nair,36-50,Civil Engineer,AREA_NORTH,iOS
P00689,Sanjay Sharma,36-50,Consultant,AREA_CENTRAL,iOS
P00690,Gaurav Saxena,18-25,Architect,AREA_WEST,Android
P00691,Shreya Das,18-25,Banker,AREA_EAST,Android
P00692,Amit Verma,26-35,Delivery Partner,AREA_EAST,iOS
P00693,Ananya Kulkarni,18-25,Doctor,AREA_EAST,iOS
P00694,Kavya Chatterjee,18-25,Accountant,AREA_CENTRAL,Android
P00695,Priya Bhat,36-50,Accountant,AREA_NORTH,iOS
P00696,Meera Verma,36-50,Student,AREA_NORTH,Android
P00697,Amit Nair,50+,Delivery Partner,AREA_EAST,iOS
P00698,Divya Gupta,18-25,Student,AREA_NORTH,iOS
P00699,Tanvi Deshmukh,26-35,Retail Worker,AREA_SOUTH,iOS
P00700,Gaurav Singh,26-35,Graphic Designer,AREA_NORTH,iOS
P00701,Neha Mehta,26-35,Banker,AREA_SOUTH,Android
P00702,Vikram Reddy,50+,Delivery Partner,AREA_CENTRAL,iOS
P00703,Pooja Gupta,36-50,Accountant,AREA_WEST,Android
P00704,Sneha Bhat,50+,Research Analyst,AREA_EAST,iOS
P00705,Rahul Rao,50+,Architect,AREA_EAST,Android
P00706,Sneha Patel,18-25,Teacher,AREA_NORTH,Android
P00707,Aarav Chatterjee,36-50,Retail Worker,AREA_CENTRAL,iOS
P00708,Neha Pandey,36-50,Retail Worker,AREA_CENTRAL,iOS
P00709,Neha Nair,36-50,Retail Worker,AREA_NORTH,Android
P00710,Riya Rao,26-35,Retail Worker,AREA_EAST,Android
P00711,Simran Trivedi,18-25,Civil Engineer,AREA_CENTRAL,iOS
P00712,Aditi Iyer,36-50,Sales Manager,AREA_SOUTH,iOS
P00713,Ananya Mehta,36-50,Consultant,AREA_EAST,iOS
P00714,Ananya Banerjee,18-25,Accountant,AREA_EAST,iOS
P00715,Arjun Kulkarni,36-50,Retail Worker,AREA_NORTH,iOS
P00716,Kabir Kulkarni,50+,Teacher,AREA_WEST,iOS
P00717,Sanjay Malhotra,18-25,Banker,AREA_SOUTH,iOS
P00718,Pooja Pandey,26-35,Graphic Designer,AREA_EAST,iOS
P00719,Nikhil Sharma,18-25,Teacher,AREA_EAST,iOS
P00720,Simran Bhat,50+,Software Engineer,AREA_EAST,iOS
P00721,Shreya Bhat,50+,Student,AREA_WEST,Android
P00722,Aisha Saxena,26-35,Banker,AREA_CENTRAL,Android
P00723,Rohan Trivedi,50+,Research Analyst,AREA_CENTRAL,Android
P00724,Sanjay Nair,36-50,Delivery Partner,AREA_SOUTH,Android
P00725,Amit Saxena,36-50,Architect,AREA_WEST,iOS
P00726,Shreya Patel,50+,Graphic Designer,AREA_WEST,iOS
P00727,Kabir Kapoor,36-50,Delivery Partner,AREA_NORTH,iOS
P00728,Vikram Saxena,36-50,Banker,AREA_CENTRAL,Android
P00729,Arjun Chopra,36-50,Graphic Designer,AREA_CENTRAL,iOS
P00730,Divya Nair,26-35,Teacher,AREA_WEST,iOS
P00731,Simran Das,36-50,Software Engineer,AREA_WEST,Android
P00732,Aisha Joshi,50+,Sales Manager,AREA_WEST,Android
P00733,Divya Banerjee,18-25,Graphic Designer,AREA_EAST,Android
P00734,Manish Kapoor,50+,Delivery Partner,AREA_EAST,Android
P00735,Ananya Chatterjee,36-50,Accountant,AREA_NORTH,Android
P00736,Arjun Malhotra,50+,Consultant,AREA_NORTH,Android
P00737,Aisha Mishra,26-35,Research Analyst,AREA_EAST,Android
P00738,Rohan Nair,36-50,Software Engineer,AREA_EAST,iOS
P00739,Kabir Mishra,26-35,Banker,AREA_WEST,Android
P00740,Amit Mehta,18-25,Retail Worker,AREA_CENTRAL,iOS
P00741,Aditi Singh,26-35,Architect,AREA_EAST,Android
P00742,Priya Reddy,26-35,Software Engineer,AREA_NORTH,Android
P00743,Pranav Kulkarni,26-35,Consultant,AREA_SOUTH,iOS
P00744,Riya Chatterjee,26-35,Delivery Partner,AREA_SOUTH,Android
P00745,Siddharth Mehta,36-50,Student,AREA_EAST,Android
P00746,Arjun Singh,18-25,Doctor,AREA_EAST,Android
P00747,Kabir Nair,50+,Doctor,AREA_WEST,iOS
P00748,Sanjay Das,18-25,Sales Manager,AREA_CENTRAL,Android
P00749,Gaurav Sharma,26-35,Teacher,AREA_WEST,iOS
P00750,Deepak Kulkarni,50+,Graphic Designer,AREA_CENTRAL,Android
P00751,Siddharth Nair,36-50,Consultant,AREA_CENTRAL,iOS
P00752,Aarav Nair,36-50,Architect,AREA_SOUTH,Android
P00753,Gaurav Bhat,26-35,Student,AREA_WEST,Android
P00754,Pranav Bhat,18-25,Student,AREA_SOUTH,Android
P00755,Sanjay Chopra,26-35,Graphic Designer,AREA_EAST,Android
P00756,Aisha Iyer,36-50,Consultant,AREA_WEST,Android
P00757,Vikram Verma,26-35,Civil Engineer,AREA_EAST,Android
P00758,Sanjay Pandey,36-50,Doctor,AREA_NORTH,Android
P00759,Aditi Gupta,36-50,Delivery Partner,AREA_WEST,Android
P00760,Aditi Das,36-50,Architect,AREA_EAST,Android
P00761,Pooja Deshmukh,36-50,Architect,AREA_EAST,iOS
P00762,Meera Pandey,50+,Architect,AREA_NORTH,iOS
P00763,Kavya Trivedi,18-25,Accountant,AREA_EAST,Android
P00764,Aisha Chatterjee,18-25,Student,AREA_WEST,iOS
P00765,Aditi Kulkarni,36-50,Sales Manager,AREA_SOUTH,Android
P00766,Divya Singh,26-35,Banker,AREA_EAST,iOS
P00767,Aisha Verma,18-25,Consultant,AREA_EAST,Android
P00768,Priya Patel,18-25,Banker,AREA_NORTH,iOS
P00769,Pranav Chatterjee,50+,Sales Manager,AREA_WEST,Android
P00770,Simran Deshmukh,50+,Retail Worker,AREA_NORTH,Android
P00771,Aditi Pandey,36-50,Accountant,AREA_EAST,iOS
P00772,Siddharth Malhotra,18-25,Architect,AREA_WEST,Android
P00773,Priya Patel,18-25,Research Analyst,AREA_NORTH,iOS
P00774,Kavya Bhat,18-25,Consultant,AREA_SOUTH,iOS
P00775,Manish Das,26-35,Architect,AREA_SOUTH,Android
P00776,Pooja Gupta,26-35,Retail Worker,AREA_EAST,iOS
P00777,Manish Malhotra,26-35,Architect,AREA_WEST,Android
P00778,Manish Sharma,26-35,Consultant,AREA_CENTRAL,Android
P00779,Gaurav Rao,18-25,Student,AREA_CENTRAL,iOS
P00780,Meera Sharma,18-25,Consultant,AREA_EAST,iOS
P00781,Sneha Reddy,26-35,Delivery Partner,AREA_WEST,iOS
P00782,Rahul Malhotra,36-50,Architect,AREA_CENTRAL,iOS
P00783,Arjun Rao,36-50,Software Engineer,AREA_NORTH,iOS
P00784,Yash Pandey,36-50,Accountant,AREA_SOUTH,iOS
P00785,Sanjay Kapoor,36-50,Architect,AREA_SOUTH,iOS
P00786,Neha Joshi,50+,Student,AREA_EAST,Android
P00787,Meera Verma,18-25,Student,AREA_SOUTH,iOS
P00788,Yash Chopra,36-50,Doctor,AREA_SOUTH,Android
P00789,Neha Chatterjee,18-25,Civil Engineer,AREA_CENTRAL,iOS
P00790,Aisha Joshi,26-35,Research Analyst,AREA_CENTRAL,iOS
P00791,Aditi Pandey,36-50,Teacher,AREA_WEST,Android
P00792,Riya Joshi,50+,Accountant,AREA_WEST,iOS
P00793,Divya Sharma,50+,Delivery Partner,AREA_SOUTH,iOS
P00794,Rahul Sharma,50+,Accountant,AREA_WEST,iOS
P00795,Kabir Nair,26-35,Retail Worker,AREA_SOUTH,iOS
P00796,Ishaan Das,26-35,Accountant,AREA_EAST,iOS
P00797,Pooja Verma,50+,Retail Worker,AREA_SOUTH,Android
P00798,Arjun Mishra,18-25,Banker,AREA_EAST,Android
P00799,Rohan Chopra,50+,Teacher,AREA_WEST,Android
P00800,Arjun Patel,18-25,Retail Worker,AREA_SOUTH,iOS
P00801,Nikhil Gupta,18-25,Accountant,AREA_CENTRAL,iOS
P00802,Meera Chatterjee,26-35,Delivery Partner,AREA_CENTRAL,iOS
P00803,Rohan Chatterjee,50+,Software Engineer,AREA_SOUTH,Android
P00804,Karan Chatterjee,50+,Sales Manager,AREA_NORTH,Android
P00805,Shreya Rao,18-25,Student,AREA_CENTRAL,iOS
P00806,Pooja Chatterjee,36-50,Retail Worker,AREA_NORTH,iOS
P00807,Simran Joshi,50+,Research Analyst,AREA_NORTH,iOS
P00808,Neha Banerjee,18-25,Accountant,AREA_SOUTH,iOS
P00809,Vikram Das,18-25,Civil Engineer,AREA_NORTH,iOS
P00810,Amit Malhotra,36-50,Sales Manager,AREA_WEST,iOS
P00811,Vikram Mishra,50+,Software Engineer,AREA_EAST,Android
P00812,Ananya Rao,18-25,Retail Worker,AREA_CENTRAL,Android
P00813,Arjun Saxena,36-50,Graphic Designer,AREA_NORTH,iOS
P00814,Karan Deshmukh,50+,Doctor,AREA_WEST,iOS
P00815,Meera Kulkarni,18-25,Teacher,AREA_EAST,iOS
P00816,Siddharth Saxena,26-35,Software Engineer,AREA_NORTH,Android
P00817,Amit Gupta,50+,Civil Engineer,AREA_CENTRAL,iOS
P00818,Aarav Patel,50+,Graphic Designer,AREA_NORTH,Android
P00819,Divya Trivedi,36-50,Teacher,AREA_CENTRAL,Android
P00820,Yash Mehta,26-35,Research Analyst,AREA_NORTH,Android
P00821,Tanvi Banerjee,26-35,Research Analyst,AREA_CENTRAL,iOS
P00822,Aditi Rao,36-50,Architect,AREA_WEST,Android
P00823,Rahul Kulkarni,18-25,Banker,AREA_SOUTH,Android
P00824,Nikhil Sharma,36-50,Student,AREA_CENTRAL,Android
P00825,Rohan Singh,18-25,Teacher,AREA_EAST,Android
P00826,Sanjay Joshi,36-50,Teacher,AREA_NORTH,iOS
P00827,Shreya Reddy,18-25,Research Analyst,AREA_NORTH,Android
P00828,Sanjay Chopra,18-25,Banker,AREA_WEST,iOS
P00829,Deepak Banerjee,50+,Student,AREA_WEST,Android
P00830,Shreya Pandey,26-35,Doctor,AREA_CENTRAL,Android
P00831,Riya Verma,18-25,Software Engineer,AREA_EAST,iOS
P00832,Shreya Mehta,26-35,Student,AREA_NORTH,Android
P00833,Varun Kapoor,26-35,Graphic Designer,AREA_CENTRAL,iOS
P00834,Tanvi Kapoor,36-50,Accountant,AREA_CENTRAL,Android
P00835,Amit Chopra,18-25,Student,AREA_CENTRAL,iOS
P00836,Yash Deshmukh,26-35,Architect,AREA_EAST,iOS
P00837,Priya Sharma,50+,Banker,AREA_CENTRAL,Android
P00838,Vikram Verma,36-50,Civil Engineer,AREA_CENTRAL,iOS
P00839,Sanjay Saxena,50+,Retail Worker,AREA_SOUTH,iOS
P00840,Arjun Gupta,18-25,Research Analyst,AREA_CENTRAL,Android
P00841,Gaurav Kapoor,36-50,Research Analyst,AREA_WEST,iOS
P00842,Shreya Chopra,36-50,Accountant,AREA_SOUTH,Android
P00843,Varun Bhat,18-25,Student,AREA_NORTH,Android
P00844,Neha Iyer,26-35,Retail Worker,AREA_SOUTH,iOS
P00845,Aisha Pandey,26-35,Banker,AREA_EAST,iOS
P00846,Siddharth Trivedi,50+,Software Engineer,AREA_EAST,Android
P00847,Sanjay Sharma,26-35,Graphic Designer,AREA_EAST,iOS
P00848,Amit Mehta,36-50,Architect,AREA_NORTH,iOS
P00849,Simran Trivedi,26-35,Research Analyst,AREA_EAST,iOS
P00850,Ishaan Rao,50+,Architect,AREA_NORTH,Android
P00851,Rahul Banerjee,50+,Civil Engineer,AREA_SOUTH,Android
P00852,Kabir Chatterjee,36-50,Accountant,AREA_CENTRAL,Android
P00853,Deepak Pandey,50+,Software Engineer,AREA_EAST,Android
P00854,Ishaan Chatterjee,18-25,Software Engineer,AREA_WEST,iOS
P00855,Arjun Mehta,50+,Research Analyst,AREA_WEST,iOS
P00856,Manish Nair,18-25,Civil Engineer,AREA_NORTH,Android
P00857,Karan Singh,26-35,Retail Worker,AREA_WEST,Android
P00858,Varun Pandey,26-35,Teacher,AREA_SOUTH,iOS
P00859,Kavya Gupta,50+,Doctor,AREA_SOUTH,iOS
P00860,Deepak Bhat,36-50,Delivery Partner,AREA_CENTRAL,iOS
P00861,Rahul Trivedi,26-35,Research Analyst,AREA_NORTH,Android
P00862,Amit Saxena,18-25,Retail Worker,AREA_NORTH,iOS
P00863,Meera Chopra,18-25,Sales Manager,AREA_CENTRAL,Android
P00864,Amit Chopra,50+,Doctor,AREA_WEST,Android
P00865,Varun Deshmukh,36-50,Delivery Partner,AREA_WEST,iOS
P00866,Nikhil Deshmukh,26-35,Consultant,AREA_WEST,iOS
P00867,Neha Trivedi,36-50,Banker,AREA_CENTRAL,Android
P00868,Meera Bhat,50+,Delivery Partner,AREA_NORTH,Android
P00869,Amit Patel,18-25,Sales Manager,AREA_WEST,iOS
P00870,Pooja Das,50+,Retail Worker,AREA_WEST,iOS
P00871,Divya Iyer,50+,Sales Manager,AREA_SOUTH,iOS
P00872,Ishaan Joshi,50+,Doctor,AREA_CENTRAL,Android
P00873,Kabir Mishra,26-35,Doctor,AREA_NORTH,iOS
P00874,Yash Nair,36-50,Graphic Designer,AREA_CENTRAL,Android
P00875,Nikhil Sharma,36-50,Delivery Partner,AREA_SOUTH,Android
P00876,Tanvi Iyer,18-25,Civil Engineer,AREA_WEST,iOS
P00877,Varun Malhotra,50+,Accountant,AREA_SOUTH,Android
P00878,Pranav Pandey,26-35,Student,AREA_WEST,Android
P00879,Pooja Mishra,36-50,Banker,AREA_CENTRAL,iOS
P00880,Aarav Singh,50+,Architect,AREA_SOUTH,Android
P00881,Yash Chatterjee,26-35,Teacher,AREA_NORTH,iOS
P00882,Pranav Trivedi,50+,Student,AREA_SOUTH,iOS
P00883,Meera Rao,50+,Student,AREA_CENTRAL,Android
P00884,Shreya Das,26-35,Civil Engineer,AREA_SOUTH,iOS
P00885,Rohan Pandey,50+,Architect,AREA_NORTH,iOS
P00886,Rahul Malhotra,36-50,Architect,AREA_CENTRAL,Android
P00887,Kabir Nair,26-35,Research Analyst,AREA_NORTH,iOS
P00888,Vikram Verma,26-35,Doctor,AREA_WEST,iOS
P00889,Siddharth Gupta,26-35,Student,AREA_NORTH,Android
P00890,Vikram Kapoor,36-50,Retail Worker,AREA_NORTH,iOS
P00891,Arjun Joshi,50+,Software Engineer,AREA_EAST,Android
P00892,Tanvi Rao,50+,Banker,AREA_NORTH,Android
P00893,Aisha Das,36-50,Sales Manager,AREA_WEST,iOS
P00894,Rahul Reddy,18-25,Sales Manager,AREA_CENTRAL,Android
P00895,Yash Iyer,50+,Banker,AREA_WEST,iOS
P00896,Karan Iyer,18-25,Graphic Designer,AREA_EAST,iOS
P00897,Ishaan Verma,36-50,Accountant,AREA_SOUTH,Android
P00898,Vikram Singh,26-35,Doctor,AREA_CENTRAL,iOS
P00899,Sneha Mehta,18-25,Student,AREA_EAST,Android
P00900,Priya Singh,50+,Architect,AREA_NORTH,iOS
P00901,Aarav Chopra,26-35,Delivery Partner,AREA_EAST,Android
P00902,Divya Sharma,36-50,Accountant,AREA_SOUTH,iOS
P00903,Karan Kulkarni,26-35,Student,AREA_SOUTH,Android
P00904,Kabir Gupta,36-50,Consultant,AREA_SOUTH,iOS
P00905,Shreya Malhotra,18-25,Teacher,AREA_SOUTH,iOS
P00906,Aisha Mehta,18-25,Sales Manager,AREA_SOUTH,Android
P00907,Priya Chatterjee,26-35,Research Analyst,AREA_EAST,Android
P00908,Divya Trivedi,18-25,Teacher,AREA_EAST,Android
P00909,Priya Singh,26-35,Banker,AREA_SOUTH,iOS
P00910,Gaurav Mehta,36-50,Consultant,AREA_NORTH,Android
P00911,Ishaan Verma,50+,Student,AREA_EAST,iOS
P00912,Kabir Kapoor,50+,Research Analyst,AREA_WEST,iOS
P00913,Yash Saxena,50+,Banker,AREA_EAST,Android
P00914,Riya Nair,36-50,Retail Worker,AREA_CENTRAL,Android
P00915,Riya Pandey,18-25,Graphic Designer,AREA_WEST,iOS
P00916,Siddharth Sharma,18-25,Doctor,AREA_NORTH,Android
P00917,Kavya Mishra,36-50,Civil Engineer,AREA_SOUTH,Android
P00918,Siddharth Das,18-25,Banker,AREA_NORTH,iOS
P00919,Kabir Verma,50+,Research Analyst,AREA_SOUTH,iOS
P00920,Meera Singh,26-35,Software Engineer,AREA_CENTRAL,Android
P00921,Arjun Rao,36-50,Student,AREA_SOUTH,Android
P00922,Tanvi Bhat,18-25,Research Analyst,AREA_EAST,Android
P00923,Rahul Joshi,50+,Architect,AREA_NORTH,Android
P00924,Gaurav Mishra,18-25,Graphic Designer,AREA_EAST,Android
P00925,Ishaan Bhat,50+,Doctor,AREA_WEST,iOS
P00926,Arjun Verma,36-50,Research Analyst,AREA_CENTRAL,Android
P00927,Neha Iyer,50+,Architect,AREA_NORTH,Android
P00928,Manish Verma,26-35,Graphic Designer,AREA_CENTRAL,iOS
P00929,Varun Mehta,50+,Delivery Partner,AREA_EAST,iOS
P00930,Aarav Chatterjee,18-25,Banker,AREA_EAST,Android
P00931,Rahul Chatterjee,36-50,Architect,AREA_NORTH,Android
P00932,Pooja Saxena,36-50,Doctor,AREA_CENTRAL,Android
P00933,Kavya Iyer,26-35,Student,AREA_SOUTH,Android
P00934,Tanvi Kulkarni,36-50,Accountant,AREA_EAST,Android
P00935,Sneha Kapoor,26-35,Delivery Partner,AREA_EAST,iOS
P00936,Neha Mehta,18-25,Teacher,AREA_CENTRAL,Android
P00937,Kabir Verma,50+,Graphic Designer,AREA_WEST,Android
P00938,Sanjay Chatterjee,50+,Graphic Designer,AREA_CENTRAL,iOS
P00939,Rahul Chatterjee,36-50,Graphic Designer,AREA_WEST,Android
P00940,Varun Mishra,36-50,Graphic Designer,AREA_CENTRAL,Android
P00941,Arjun Sharma,50+,Doctor,AREA_CENTRAL,Android
P00942,Sanjay Pandey,50+,Software Engineer,AREA_EAST,iOS
P00943,Deepak Verma,26-35,Consultant,AREA_EAST,Android
P00944,Rahul Rao,26-35,Doctor,AREA_SOUTH,iOS
P00945,Shreya Chatterjee,18-25,Civil Engineer,AREA_NORTH,iOS
P00946,Amit Gupta,50+,Civil Engineer,AREA_NORTH,Android
P00947,Rohan Sharma,18-25,Accountant,AREA_WEST,Android
P00948,Aditi Malhotra,50+,Civil Engineer,AREA_CENTRAL,iOS
P00949,Sneha Singh,26-35,Doctor,AREA_WEST,iOS
P00950,Manish Joshi,50+,Retail Worker,AREA_EAST,Android
P00951,Amit Singh,36-50,Consultant,AREA_EAST,Android
P00952,Simran Reddy,18-25,Sales Manager,AREA_CENTRAL,iOS
P00953,Arjun Banerjee,18-25,Accountant,AREA_EAST,iOS
P00954,Aditi Nair,26-35,Accountant,AREA_EAST,Android
P00955,Ananya Kapoor,26-35,Research Analyst,AREA_SOUTH,iOS
P00956,Amit Saxena,26-35,Delivery Partner,AREA_SOUTH,Android
P00957,Pooja Trivedi,50+,Software Engineer,AREA_WEST,Android
P00958,Ishaan Nair,26-35,Sales Manager,AREA_EAST,Android
P00959,Simran Das,18-25,Graphic Designer,AREA_WEST,Android
P00960,Siddharth Patel,18-25,Retail Worker,AREA_EAST,Android
P00961,Varun Chatterjee,18-25,Delivery Partner,AREA_EAST,iOS
P00962,Priya Pandey,26-35,Student,AREA_CENTRAL,iOS
P00963,Manish Bhat,18-25,Software Engineer,AREA_EAST,iOS
P00964,Priya Singh,26-35,Student,AREA_SOUTH,Android
P00965,Karan Chatterjee,36-50,Retail Worker,AREA_WEST,iOS
P00966,Rohan Kapoor,26-35,Architect,AREA_EAST,iOS
P00967,Ishaan Reddy,50+,Research Analyst,AREA_CENTRAL,Android
P00968,Ishaan Verma,18-25,Research Analyst,AREA_SOUTH,iOS
P00969,Arjun Reddy,36-50,Sales Manager,AREA_CENTRAL,Android
P00970,Varun Trivedi,50+,Student,AREA_WEST,iOS
P00971,Simran Patel,26-35,Retail Worker,AREA_CENTRAL,iOS
P00972,Kavya Singh,26-35,Software Engineer,AREA_EAST,iOS
P00973,Aditi Banerjee,50+,Civil Engineer,AREA_WEST,Android
P00974,Rohan Verma,50+,Doctor,AREA_WEST,Android
P00975,Simran Iyer,26-35,Student,AREA_NORTH,Android
P00976,Priya Patel,36-50,Architect,AREA_SOUTH,Android
P00977,Varun Das,26-35,Graphic Designer,AREA_SOUTH,Android
P00978,Nikhil Saxena,18-25,Banker,AREA_WEST,Android
P00979,Rohan Gupta,26-35,Graphic Designer,AREA_WEST,iOS
P00980,Nikhil Patel,50+,Teacher,AREA_NORTH,iOS
P00981,Nikhil Kapoor,36-50,Civil Engineer,AREA_EAST,Android
P00982,Rohan Joshi,26-35,Accountant,AREA_SOUTH,iOS
P00983,Aditi Das,36-50,Civil Engineer,AREA_SOUTH,iOS
P00984,Priya Patel,18-25,Accountant,AREA_EAST,iOS
P00985,Deepak Gupta,36-50,Graphic Designer,AREA_EAST,Android
P00986,Manish Trivedi,36-50,Delivery Partner,AREA_CENTRAL,Android
P00987,Gaurav Verma,18-25,Architect,AREA_NORTH,Android
P00988,Neha Gupta,26-35,Software Engineer,AREA_WEST,Android
P00989,Manish Patel,18-25,Student,AREA_SOUTH,iOS
P00990,Divya Bhat,50+,Graphic Designer,AREA_WEST,iOS
P00991,Aditi Chatterjee,26-35,Consultant,AREA_SOUTH,iOS
P00992,Arjun Mishra,36-50,Delivery Partner,AREA_SOUTH,Android
P00993,Yash Banerjee,18-25,Research Analyst,AREA_WEST,Android
P00994,Ishaan Verma,26-35,Consultant,AREA_EAST,iOS
P00995,Kavya Joshi,26-35,Student,AREA_SOUTH,Android
P00996,Sneha Saxena,26-35,Sales Manager,AREA_CENTRAL,Android
P00997,Karan Reddy,18-25,Graphic Designer,AREA_CENTRAL,Android
P00998,Ishaan Chatterjee,26-35,Graphic Designer,AREA_SOUTH,iOS
P00999,Aisha Verma,26-35,Sales Manager,AREA_CENTRAL,iOS
P01000,Divya Banerjee,50+,Civil Engineer,AREA_EAST,Android
